question,answer
"How do I get started with your product?","Getting started is easy! Sign up on our website, complete your profile, and you can start using our service immediately. Check our documentation for a quick setup guide."
"What payment methods do you accept?","We accept all major credit cards (Visa, Mastercard, American Express), PayPal, and bank transfers. All payments are secure and encrypted."
"Can I cancel my subscription anytime?","Yes, you can cancel your subscription at any time from your account settings. Your access will continue until the end of your billing period."
"Is there a free trial available?","Yes, we offer a 14-day free trial with full access to all features. No credit card required to start."
"How do I reset my password?","Click 'Forgot Password' on the login page and enter your email. You'll receive a password reset link within minutes."
"What is your refund policy?","We offer a 30-day money-back guarantee. If you're not satisfied, contact our support team for a full refund."
"Do you offer customer support 24/7?","We provide support via email 24/7 and live chat during business hours (9 AM - 6 PM EST Monday to Friday)."
"How secure is my data?","Your data is encrypted with industry-standard SSL/TLS encryption and stored securely on our servers with regular backups."
"Can I upgrade or downgrade my plan?","Yes, you can change your plan anytime. Upgrades take effect immediately, and downgrades take effect on your next billing cycle."
"Is there a mobile app available?","Yes, our mobile app is available for iOS and Android. Download it from the App Store or Google Play."